model,accuracy,f1_score,AUC
sent_bin_logit,0.82236,0.8203551636260671,0.8999267392
sent_bin_NN_13,0.83404,0.8341792893969064,0.910793152
sent_bin_NN_13_sgd,0.86036,0.8605552226882364,0.9336883264
sent_bin_NN_13_sgd_,0.86984,0.8704514690660083,0.9411067967999999
sent_bin_NN_h2_h1,0.86836,0.8682809685811487,0.9406604928000001
bin_sim_xgb',0.86328,0.8639006132037907,0.9378509536
bin_sent_select_logit,0.84044,0.8396639736323807,0.9171720512
sent_bin_NN_h1_select,0.86272,0.8638851431744269,0.9359617728
